path,title,count,uniques,date
/digitalocean-labs/do-app-platform-skills,Overview,31,22,2026-08-02
/digitalocean-labs/do-app-platform-skills/tree/main/skills,/tree/main/skills,8,6,2026-08-02
/digitalocean-labs/do-app-platform-skills/tree/main,/tree/main,3,2,2026-08-02
/digitalocean-labs/do-app-platform-skills/tree/main/skills/deployment,/tree/main/skills/deployment,3,2,2026-08-02
/digitalocean-labs/do-app-platform-skills/tree/main/skills/designer,/tree/main/skills/designer,3,2,2026-08-02
/digitalocean-labs/do-app-platform-skills/tree/main/skills/planner,/tree/main/skills/planner,2,1,2026-08-02
/digitalocean-labs/do-app-platform-skills/blob/main/Makefile,/blob/main/Makefile,1,1,2026-08-02
/digitalocean-labs/do-app-platform-skills/blob/main/requirements-dev.txt,/blob/main/requirements-dev.txt,1,1,2026-08-02
/digitalocean-labs/do-app-platform-skills/blob/main/skills/deployment/SKILL.md,/blob/main/skills/deployment/SKILL.md,1,1,2026-08-02
/digitalocean-labs/do-app-platform-skills/blob/main/skills/designer/README.md,/blob/main/skills/designer/README.md,1,1,2026-08-02
